-- 自动生成：scripts/tool-catalog/generate-seed.mjs
SET NAMES utf8mb4;
START TRANSACTION;

-- 分类
INSERT INTO tool_categories (id, sort_order, is_enabled) VALUES
  ('json', 1, 1),
  ('crypto', 2, 1),
  ('converter', 3, 1),
  ('web', 4, 1),
  ('images-and-videos', 5, 1),
  ('development', 6, 1),
  ('network', 7, 1),
  ('math', 8, 1),
  ('measurement', 9, 1),
  ('text', 10, 1),
  ('data', 11, 1)
ON DUPLICATE KEY UPDATE sort_order=VALUES(sort_order), is_enabled=VALUES(is_enabled);

-- 分类 i18n
INSERT INTO tool_category_i18n (category_id, locale, name, description) VALUES
  ('json', 'zh', 'JSON', NULL),
  ('json', 'en', 'JSON', NULL),
  ('crypto', 'zh', '加密', NULL),
  ('crypto', 'en', 'Crypto', NULL),
  ('converter', 'zh', '转换器', NULL),
  ('converter', 'en', 'Converter', NULL),
  ('web', 'zh', '网页', NULL),
  ('web', 'en', 'Web', NULL),
  ('images-and-videos', 'zh', '图片和视频', NULL),
  ('images-and-videos', 'en', 'Images & Videos', NULL),
  ('development', 'zh', '开发', NULL),
  ('development', 'en', 'Development', NULL),
  ('network', 'zh', '网络', NULL),
  ('network', 'en', 'Network', NULL),
  ('math', 'zh', '数学', NULL),
  ('math', 'en', 'Math', NULL),
  ('measurement', 'zh', '测量', NULL),
  ('measurement', 'en', 'Measurement', NULL),
  ('text', 'zh', '文本', NULL),
  ('text', 'en', 'Text', NULL),
  ('data', 'zh', '数据', NULL),
  ('data', 'en', 'Data', NULL)
ON DUPLICATE KEY UPDATE name=VALUES(name), description=VALUES(description);

-- 工具
INSERT INTO tools (id, category_id, path, sort_order, is_enabled, is_new, created_at, redirect_from, keywords, icon) VALUES
  ('json-prettify', 'json', '/json-prettify', 1, 1, 0, NULL, '["/json-viewer"]', '["json","viewer","prettify","format"]', NULL),
  ('json-minify', 'json', '/json-minify', 2, 1, 0, NULL, NULL, '["json","minify","format"]', NULL),
  ('json-to-csv', 'json', '/json-to-csv', 3, 1, 0, '2023-06-18 00:00:00', NULL, '["json","to","csv","convert"]', NULL),
  ('json-to-yaml-converter', 'json', '/json-to-yaml-converter', 4, 1, 0, '2023-04-10 00:00:00', NULL, '["yaml","to","json"]', NULL),
  ('json-to-toml', 'json', '/json-to-toml', 5, 1, 0, '2023-06-23 00:00:00', NULL, '["json","parse","toml","convert","transform"]', NULL),
  ('json-to-xml', 'json', '/json-to-xml', 6, 1, 0, '2024-08-09 00:00:00', NULL, '["json","xml"]', NULL),
  ('json-diff', 'json', '/json-diff', 7, 1, 0, '2023-04-20 00:00:00', NULL, '["json","diff","compare","difference","object","data"]', NULL),
  ('token-generator', 'crypto', '/token-generator', 1, 1, 0, NULL, NULL, '["token","random","string","alphanumeric","symbols","number","letters","lowercase","uppercase","password"]', NULL),
  ('hash-text', 'crypto', '/hash-text', 2, 1, 0, NULL, '["/hash"]', '["hash","digest","crypto","security","text","MD5","SHA1","SHA256","SHA224","SHA512","SHA384","SHA3","RIPEMD160"]', NULL),
  ('bcrypt', 'crypto', '/bcrypt', 3, 1, 0, NULL, NULL, '["bcrypt","hash","compare","password","salt","round","storage","crypto"]', NULL),
  ('uuid-generator', 'crypto', '/uuid-generator', 4, 1, 0, NULL, NULL, '["uuid","v4","random","id","alphanumeric","identity","token","string","identifier","unique","v1","v3","v5","nil"]', NULL),
  ('ulid-generator', 'crypto', '/ulid-generator', 5, 1, 0, '2023-09-11 00:00:00', NULL, '["ulid","generator","random","id","alphanumeric","identity","token","string","identifier","unique"]', NULL),
  ('encryption', 'crypto', '/encryption', 6, 1, 0, NULL, '["/cypher"]', '["cypher","encipher","text","AES","TripleDES","Rabbit","RC4"]', NULL),
  ('bip39-generator', 'crypto', '/bip39-generator', 7, 1, 0, NULL, NULL, '["BIP39","passphrase","generator","mnemonic","entropy"]', NULL),
  ('hmac-generator', 'crypto', '/hmac-generator', 8, 1, 0, NULL, NULL, '["hmac","generator","MD5","SHA1","SHA256","SHA224","SHA512","SHA384","SHA3","RIPEMD160"]', NULL),
  ('rsa-key-pair-generator', 'crypto', '/rsa-key-pair-generator', 9, 1, 0, NULL, NULL, '["rsa","key","pair","generator","public","private","secret","ssh","pem"]', NULL),
  ('password-strength-analyser', 'crypto', '/password-strength-analyser', 10, 1, 0, '2023-06-24 00:00:00', NULL, '["password","strength","analyser","and","crack","time","estimation","brute","force","attack","entropy","cracking","hash","hashing","algorithm","algorithms","md5","sha1","sha256","sha512","bcrypt","scrypt","argon2","argon2id","argon2i","argon2d"]', NULL),
  ('pdf-signature-checker', 'crypto', '/pdf-signature-checker', 11, 1, 0, '2023-12-09 00:00:00', NULL, '["pdf","signature","checker","verify","validate","sign"]', NULL),
  ('date-converter', 'converter', '/date-converter', 1, 1, 0, NULL, NULL, '["date","time","converter","iso","utc","timezone","year","month","day","minute","seconde"]', NULL),
  ('base-converter', 'converter', '/base-converter', 2, 1, 0, NULL, NULL, '["integer","number","base","conversion","decimal","hexadecimal","binary","octal","base64"]', NULL),
  ('roman-numeral-converter', 'converter', '/roman-numeral-converter', 3, 1, 0, NULL, NULL, '["roman","arabic","converter","X","I","V","L","C","D","M"]', NULL),
  ('base64-string-converter', 'converter', '/base64-string-converter', 4, 1, 0, NULL, '["/file-to-base64","/base64-converter"]', '["base64","converter","conversion","web","data","format","atob","btoa"]', NULL),
  ('base64-file-converter', 'converter', '/base64-file-converter', 5, 1, 0, NULL, NULL, '["base64","converter","upload","image","file","conversion","web","data","format"]', NULL),
  ('color-converter', 'converter', '/color-converter', 6, 1, 0, NULL, '["/color-picker-converter"]', '["color","converter"]', NULL),
  ('case-converter', 'converter', '/case-converter', 7, 1, 0, NULL, NULL, '["case","converter","camelCase","capitalCase","constantCase","dotCase","headerCase","noCase","paramCase","pascalCase","pathCase","sentenceCase","snakeCase"]', NULL),
  ('text-to-nato-alphabet', 'converter', '/text-to-nato-alphabet', 8, 1, 0, NULL, NULL, '["string","nato","alphabet","phonetic","oral","transmission"]', NULL),
  ('text-to-binary', 'converter', '/text-to-binary', 9, 1, 0, '2023-10-15 00:00:00', NULL, '["text","to","binary","converter","encode","decode","ascii"]', NULL),
  ('text-to-unicode', 'converter', '/text-to-unicode', 10, 1, 0, '2024-01-31 00:00:00', NULL, '["text","to","unicode"]', NULL),
  ('yaml-to-json-converter', 'converter', '/yaml-to-json-converter', 11, 1, 0, '2023-04-10 00:00:00', NULL, '["yaml","to","json"]', NULL),
  ('yaml-to-toml', 'converter', '/yaml-to-toml', 12, 1, 0, '2023-06-23 00:00:00', NULL, '["yaml","to","toml","convert","transform"]', NULL),
  ('list-converter', 'converter', '/list-converter', 13, 1, 0, '2023-05-07 00:00:00', NULL, '["list","converter","sort","reverse","prefix","suffix","lowercase","truncate"]', NULL),
  ('toml-to-json', 'converter', '/toml-to-json', 14, 1, 0, '2023-06-23 00:00:00', NULL, '["toml","json","convert","online","transform","parser"]', NULL),
  ('toml-to-yaml', 'converter', '/toml-to-yaml', 15, 1, 0, '2023-06-23 00:00:00', NULL, '["toml","yaml","convert","online","transform","parse"]', NULL),
  ('xml-to-json', 'converter', '/xml-to-json', 16, 1, 0, '2024-08-09 00:00:00', NULL, '["xml","json"]', NULL),
  ('markdown-to-html', 'converter', '/markdown-to-html', 17, 1, 0, '2024-08-25 00:00:00', NULL, '["markdown","html","converter","pdf"]', NULL),
  ('url-encoder', 'web', '/url-encoder', 1, 1, 0, NULL, NULL, '["url","encode","decode","percent","%20","format"]', NULL),
  ('html-entities', 'web', '/html-entities', 2, 1, 0, NULL, NULL, '["html","entities","escape","unescape","special","characters","tags"]', NULL),
  ('url-parser', 'web', '/url-parser', 3, 1, 0, NULL, NULL, '["url","parser","protocol","origin","params","port","username","password","href"]', NULL),
  ('device-information', 'web', '/device-information', 4, 1, 0, NULL, NULL, '["device","information","screen","pixel","ratio","status","data","computer","size","user","agent"]', NULL),
  ('basic-auth-generator', 'web', '/basic-auth-generator', 5, 1, 0, NULL, NULL, '["basic","auth","generator","username","password","base64","authentication","header","authorization"]', NULL),
  ('og-meta-generator', 'web', '/og-meta-generator', 6, 1, 0, NULL, NULL, '["meta","tag","generator","social","title","description","image","share","online","website","open","graph","og"]', NULL),
  ('otp-generator', 'web', '/otp-generator', 7, 1, 0, NULL, NULL, '["otp","code","generator","validator","one","time","password","authentication","MFA","mobile","device","security","TOTP","Time","HMAC"]', NULL),
  ('mime-types', 'web', '/mime-types', 8, 1, 0, NULL, NULL, '["mime","types","extension","content","type"]', NULL),
  ('jwt-parser', 'web', '/jwt-parser', 9, 1, 0, NULL, NULL, '["jwt","parser","decode","typ","alg","iss","sub","aud","exp","nbf","iat","jti","json","web","token"]', NULL),
  ('keycode-info', 'web', '/keycode-info', 10, 1, 0, NULL, NULL, '["keycode","info","code","javascript","event","keycodes","which","keyboard","press","modifier","alt","ctrl","meta","shift"]', NULL),
  ('slugify-string', 'web', '/slugify-string', 11, 1, 0, NULL, NULL, '["slugify","string","escape","emoji","special","character","space","trim"]', NULL),
  ('html-wysiwyg-editor', 'web', '/html-wysiwyg-editor', 12, 1, 0, NULL, NULL, '["html","wysiwyg","editor","p","ul","ol","converter","live"]', NULL),
  ('user-agent-parser', 'web', '/user-agent-parser', 13, 1, 0, '2023-04-06 00:00:00', NULL, '["user","agent","parser","browser","engine","os","cpu","device","user-agent","client"]', NULL),
  ('http-status-codes', 'web', '/http-status-codes', 14, 1, 0, '2023-04-13 00:00:00', NULL, '["http","status","codes"]', NULL),
  ('safelink-decoder', 'web', '/safelink-decoder', 15, 1, 0, '2024-03-11 00:00:00', NULL, '["outlook","safelink","decoder","解码","安全链接"]', NULL),
  ('qrcode-generator', 'images-and-videos', '/qrcode-generator', 1, 1, 0, NULL, NULL, '["qr","code","generator","square","color","link","low","medium","quartile","high","transparent"]', NULL),
  ('wifi-qrcode-generator', 'images-and-videos', '/wifi-qrcode-generator', 2, 1, 0, '2023-09-06 00:00:00', NULL, '["qr","code","generator","square","color","link","low","medium","quartile","high","transparent","wifi"]', NULL),
  ('svg-placeholder-generator', 'images-and-videos', '/svg-placeholder-generator', 3, 1, 0, NULL, NULL, '["svg","placeholder","generator","image","size","mockup"]', NULL),
  ('camera-recorder', 'images-and-videos', '/camera-recorder', 4, 1, 0, '2023-05-15 00:00:00', NULL, '["camera","recoder"]', NULL),
  ('git-memo', 'development', '/git-memo', 1, 1, 0, NULL, NULL, '["git","push","force","pull","commit","amend","rebase","merge","reset","soft","hard","lease"]', NULL),
  ('random-port-generator', 'development', '/random-port-generator', 2, 1, 0, NULL, NULL, '["system","port","lan","generator","random","development","computer"]', NULL),
  ('crontab-generator', 'development', '/crontab-generator', 3, 1, 0, NULL, NULL, '["crontab","generator","cronjob","cron","schedule","parse","expression","year","month","week","day","minute","second"]', NULL),
  ('sql-prettify', 'development', '/sql-prettify', 4, 1, 0, NULL, NULL, '["sql","prettify","beautify","GCP BigQuery","IBM DB2","Apache Hive","MariaDB","MySQL","Couchbase N1QL","Oracle PL/SQL","PostgreSQL","Amazon Redshift","Spark","SQL Server Transact-SQL"]', NULL),
  ('chmod-calculator', 'development', '/chmod-calculator', 5, 1, 0, NULL, NULL, '["chmod","calculator","file","permission","files","directory","folder","recursive","generator","octal"]', NULL),
  ('docker-run-to-docker-compose-converter', 'development', '/docker-run-to-docker-compose-converter', 6, 1, 0, NULL, NULL, '["docker","run","compose","yaml","yml","convert","deamon"]', NULL),
  ('xml-formatter', 'development', '/xml-formatter', 7, 1, 0, '2023-06-17 00:00:00', NULL, '["xml","prettify","format"]', NULL),
  ('yaml-prettify', 'development', '/yaml-prettify', 8, 1, 0, '2024-01-31 00:00:00', NULL, '["yaml","viewer","prettify","format"]', NULL),
  ('email-normalizer', 'development', '/email-normalizer', 9, 1, 0, '2024-08-15 00:00:00', NULL, '["email","normalizer","邮箱","标准化","去重"]', NULL),
  ('regex-tester', 'development', '/regex-tester', 10, 1, 0, '2024-09-20 00:00:00', NULL, '["regex","tester","sample","expression","正则","测试"]', NULL),
  ('regex-memo', 'development', '/regex-memo', 11, 1, 0, '2024-09-20 00:00:00', NULL, '["regex","regular","expression","javascript","memo","cheatsheet","正则","备忘录"]', NULL),
  ('ipv4-subnet-calculator', 'network', '/ipv4-subnet-calculator', 1, 1, 0, NULL, NULL, '["ipv4","subnet","calculator","mask","network","cidr","netmask","bitmask","broadcast","address"]', NULL),
  ('ipv4-address-converter', 'network', '/ipv4-address-converter', 2, 1, 0, '2023-04-08 00:00:00', NULL, '["ipv4","address","converter","decimal","hexadecimal","binary","ipv6"]', NULL),
  ('ipv4-range-expander', 'network', '/ipv4-range-expander', 3, 1, 0, '2023-04-19 00:00:00', NULL, '["ipv4","range","expander","subnet","creator","cidr"]', NULL),
  ('mac-address-lookup', 'network', '/mac-address-lookup', 4, 1, 0, '2023-04-06 00:00:00', NULL, '["mac","address","lookup","vendor","parser","manufacturer"]', NULL),
  ('mac-address-generator', 'network', '/mac-address-generator', 5, 1, 0, '2023-11-31 00:00:00', NULL, '["mac","address","generator","random","prefix"]', NULL),
  ('ipv6-ula-generator', 'network', '/ipv6-ula-generator', 6, 1, 0, '2023-04-09 00:00:00', NULL, '["ipv6","ula","generator","rfc4193","network","private"]', NULL),
  ('math-evaluator', 'math', '/math-evaluator', 1, 1, 0, NULL, NULL, '["math","evaluator","calculator","expression","abs","acos","acosh","acot","acoth","acsc","acsch","asec","asech","asin","asinh","atan","atan2","atanh","cos","cosh","cot","coth","csc","csch","sec","sech","sin","sinh","sqrt","tan","tanh"]', NULL),
  ('eta-calculator', 'math', '/eta-calculator', 2, 1, 0, NULL, NULL, '["eta","calculator","estimated","time","arrival","average"]', NULL),
  ('percentage-calculator', 'math', '/percentage-calculator', 3, 1, 0, '2023-06-18 00:00:00', NULL, '["percentage","calculator","calculate","value","number","%"]', NULL),
  ('chronometer', 'measurement', '/chronometer', 1, 1, 0, NULL, NULL, '["chronometer","time","lap","duration","measure","pause","resume","stopwatch"]', NULL),
  ('temperature-converter', 'measurement', '/temperature-converter', 2, 1, 0, NULL, NULL, '["temperature","converter","degree","Kelvin","Celsius","Fahrenheit","Rankine","Delisle","Newton","Réaumur","Rømer"]', NULL),
  ('benchmark-builder', 'measurement', '/benchmark-builder', 3, 1, 0, '2023-04-05 00:00:00', NULL, '["benchmark","builder","execution","duration","mean","variance"]', NULL),
  ('lorem-ipsum-generator', 'text', '/lorem-ipsum-generator', 1, 1, 0, NULL, NULL, '["lorem","ipsum","dolor","sit","amet","placeholder","text","filler","random","generator"]', NULL),
  ('text-statistics', 'text', '/text-statistics', 2, 1, 0, NULL, '["/text-stats"]', '["text","statistics","length","characters","count","size","bytes"]', NULL),
  ('emoji-picker', 'text', '/emoji-picker', 3, 1, 0, '2023-08-07 00:00:00', NULL, '["emoji","picker","unicode","copy","paste"]', NULL),
  ('string-obfuscator', 'text', '/string-obfuscator', 4, 1, 0, '2023-08-16 00:00:00', NULL, '["string","obfuscator","secret","token","hide","obscure","mask","masking"]', NULL),
  ('text-diff', 'text', '/text-diff', 5, 1, 0, '2023-08-16 00:00:00', NULL, '["text","diff","compare","string","text diff","code"]', NULL),
  ('numeronym-generator', 'text', '/numeronym-generator', 6, 1, 0, '2023-11-05 00:00:00', NULL, '["numeronym","generator","abbreviation","i18n","a11y","l10n"]', NULL),
  ('ascii-text-drawer', 'text', '/ascii-text-drawer', 7, 1, 0, '2024-03-03 00:00:00', NULL, '["ascii","asciiart","text","drawer","字符画","字形"]', NULL),
  ('phone-parser-and-formatter', 'data', '/phone-parser-and-formatter', 1, 1, 0, '2023-05-01 00:00:00', NULL, '["phone","parser","formatter","validate","format","number","telephone","mobile","cell","international","national"]', NULL),
  ('iban-validator-and-parser', 'data', '/iban-validator-and-parser', 2, 1, 0, '2023-08-26 00:00:00', NULL, '["iban","validator","and","parser","bic","bank"]', NULL)
ON DUPLICATE KEY UPDATE category_id=VALUES(category_id), path=VALUES(path), sort_order=VALUES(sort_order), is_enabled=VALUES(is_enabled), is_new=VALUES(is_new), created_at=VALUES(created_at), redirect_from=VALUES(redirect_from), keywords=VALUES(keywords), icon=VALUES(icon);

-- 工具 i18n
INSERT INTO tool_i18n (tool_id, locale, name, description) VALUES
  ('json-prettify', 'zh', 'JSON美化和格式化', '将JSON字符串修饰为友好的可读格式。'),
  ('json-prettify', 'en', 'JSON prettify and format', 'Prettify your JSON string into a friendly, human-readable format.'),
  ('json-minify', 'zh', 'JSON 压缩', '通过删除不必要的空白来缩小和压缩JSON。'),
  ('json-minify', 'en', 'JSON minify', 'Minify and compress your JSON by removing unnecessary whitespace.'),
  ('json-to-csv', 'zh', 'JSON 转 CSV', '使用自动标头检测将JSON转换为CSV。'),
  ('json-to-csv', 'en', 'JSON to CSV', 'Convert JSON to CSV with automatic header detection.'),
  ('json-to-yaml-converter', 'zh', 'JSON到YAML转换器', '在线转换将JSON转换为YAML。'),
  ('json-to-yaml-converter', 'en', 'JSON to YAML converter', 'Simply convert JSON to YAML with this online live converter.'),
  ('json-to-toml', 'zh', 'JSON 转 TOML', '解析JSON并将其转换为TOML。'),
  ('json-to-toml', 'en', 'JSON to TOML', 'Parse and convert JSON to TOML.'),
  ('json-to-xml', 'zh', 'JSON 转 XML', '将 JSON 转换为 XML'),
  ('json-to-xml', 'en', 'JSON to XML', 'Convert JSON to XML'),
  ('json-diff', 'zh', 'JSON 差异比较', '比较两个JSON对象并获得它们之间的差异。'),
  ('json-diff', 'en', 'JSON diff', 'Compare two JSON objects and get the differences between them.'),
  ('token-generator', 'zh', 'Token 生成器', '使用您想要的字符、大写或小写字母、数字和/或符号生成随机字符串。'),
  ('token-generator', 'en', 'Token generator', 'Generate random string with the chars you want, uppercase or lowercase letters, numbers and/or symbols.'),
  ('hash-text', 'zh', 'Hash 文本', '使用所需的函数哈希文本字符串：MD5、SHA1、SHA256、SHA224、SHA512、SHA384、SHA3或RIPEMD160'),
  ('hash-text', 'en', 'Hash text', 'Hash a text string using the function you need : MD5, SHA1, SHA256, SHA224, SHA512, SHA384, SHA3 or RIPEMD160'),
  ('bcrypt', 'zh', 'Bcrypt', '使用 bcrypt 对文本进行哈希和比对。Bcrypt 是一个基于 Blowfish 的密码哈希函数。'),
  ('bcrypt', 'en', 'Bcrypt', 'Hash and compare text string using bcrypt. Bcrypt is a password-hashing function based on the Blowfish cipher.'),
  ('uuid-generator', 'zh', 'UUIDs 生成器', '通用唯一标识符（UUID）是一个128位数字，用于标识计算机系统中的信息。可能的UUID数量为16^32，即2^128或约3.4x10^38（这是一个很大的数字！）。'),
  ('uuid-generator', 'en', 'UUIDs generator', 'A Universally Unique Identifier (UUID) is a 128-bit number used to identify information in computer systems. The number of possible UUIDs is 16^32, which is 2^128 or about 3.4x10^38 (which is a lot!).'),
  ('ulid-generator', 'zh', 'ULID 生成器', '生成随机的通用唯一词典可排序标识符（ULID）。'),
  ('ulid-generator', 'en', 'ULID generator', 'Generate random Universally Unique Lexicographically Sortable Identifier (ULID).'),
  ('encryption', 'zh', '加密/解密文本', '使用加密算法（如AES、TripleDES、Rabbit或RC4）加密和解密文本明文。'),
  ('encryption', 'en', 'Encrypt / decrypt text', 'Encrypt clear text and decrypt ciphertext using crypto algorithms like AES, TripleDES, Rabbit or RC4.'),
  ('bip39-generator', 'zh', 'BIP39 密码短语生成器', '从现有或随机助记符生成 BIP39 密码短语，或从密码短语获取助记符。'),
  ('bip39-generator', 'en', 'BIP39 passphrase generator', 'Generate a BIP39 passphrase from an existing or random mnemonic, or get the mnemonic from the passphrase.'),
  ('hmac-generator', 'zh', 'Hmac 生成器', '使用密钥和您喜欢的哈希函数计算基于哈希的消息身份验证代码（HMAC）。'),
  ('hmac-generator', 'en', 'Hmac generator', 'Computes a hash-based message authentication code (HMAC) using a secret key and your favorite hashing function.'),
  ('rsa-key-pair-generator', 'zh', 'RSA密钥对生成器', '生成新的随机RSA私钥和公钥pem证书。'),
  ('rsa-key-pair-generator', 'en', 'RSA key pair generator', 'Generate a new random RSA private and public pem certificate key pair.'),
  ('password-strength-analyser', 'zh', '密码强度分析器', '使用此密码强度分析器和破解时间估计工具来发现密码的强度。'),
  ('password-strength-analyser', 'en', 'Password strength analyser', 'Discover the strength of your password with this client-side-only password strength analyser and crack time estimation tool.'),
  ('pdf-signature-checker', 'zh', 'PDF签名检查器', '验证PDF文件的签名。签名的PDF文件包含一个或多个签名，可用于确定文件的内容在签名后是否已被更改。'),
  ('pdf-signature-checker', 'en', 'PDF signature checker', 'Verify the signatures of a PDF file. A signed PDF file contains one or more signatures that may be used to determine whether the contents of the file have been altered since the file was signed.'),
  ('date-converter', 'zh', '日期时间转换器', '将日期和时间转换为各种不同的格式'),
  ('date-converter', 'en', 'Date-time converter', 'Convert date and time into the various different formats'),
  ('base-converter', 'zh', '整数基转换器', '在不同的基数（十进制、十六进制、二进制、八进制、base64…）之间转换数字'),
  ('base-converter', 'en', 'Integer base converter', 'Convert a number between different bases (decimal, hexadecimal, binary, octal, base64, ...)'),
  ('roman-numeral-converter', 'zh', '罗马数字转换器', '将罗马数字转换为数字，并将数字转换为罗马数字。'),
  ('roman-numeral-converter', 'en', 'Roman numeral converter', 'Convert Roman numerals to numbers and convert numbers to Roman numerals.'),
  ('base64-string-converter', 'zh', 'Base64 字符串编码/解码', '将字符串编码和解码为其 Base64 格式表示形式即可。'),
  ('base64-string-converter', 'en', 'Base64 string encoder/decoder', 'Simply encode and decode strings into their base64 representation.'),
  ('base64-file-converter', 'zh', 'Base64 文件转换器', '将字符串、文件或图像转换为其 Base64 表示形式。'),
  ('base64-file-converter', 'en', 'Base64 file converter', 'Convert a string, file, or image into its base64 representation.'),
  ('color-converter', 'zh', '颜色转换器', '在不同格式（十六进制、rgb、hsl和css名称）之间转换颜色'),
  ('color-converter', 'en', 'Color converter', 'Convert color between the different formats (hex, rgb, hsl and css name)'),
  ('case-converter', 'zh', '大小写转换', '更改字符串的大小写并在不同格式之间进行选择'),
  ('case-converter', 'en', 'Case converter', 'Transform the case of a string and choose between different formats'),
  ('text-to-nato-alphabet', 'zh', '文本转北约字母表', '将文本转换为北约拼音字母以进行口头传播。'),
  ('text-to-nato-alphabet', 'en', 'Text to NATO alphabet', 'Transform text into the NATO phonetic alphabet for oral transmission.'),
  ('text-to-binary', 'zh', '文本到 ASCII 二进制', '将文本转换为其 ASCII 二进制表示形式，反之亦然。'),
  ('text-to-binary', 'en', 'Text to ASCII binary', 'Convert text to its ASCII binary representation and vice-versa.'),
  ('text-to-unicode', 'zh', '文本转 Unicode', '解析文本并将其转换为 unicode，反之亦然'),
  ('text-to-unicode', 'en', 'Text to Unicode', 'Parse and convert text to unicode and vice-versa'),
  ('yaml-to-json-converter', 'zh', 'YAML到JSON转换器', '使用此在线转换器将YAML转换为JSON。'),
  ('yaml-to-json-converter', 'en', 'YAML to JSON converter', 'Simply convert YAML to JSON with this online live converter.'),
  ('yaml-to-toml', 'zh', 'YAML 到 TOML', '解析YAML并将其转换为TOML。'),
  ('yaml-to-toml', 'en', 'YAML to TOML', 'Parse and convert YAML to TOML.'),
  ('list-converter', 'zh', 'List 转换器', '该工具可以处理基于数组的数据，并将各种更改（转置、添加前缀和后缀、反向列表、排序列表、小写值、截断值）应用于每一行。'),
  ('list-converter', 'en', 'List converter', 'This tool can process column-based data and apply various changes (transpose, add prefix and suffix, reverse list, sort list, lowercase values, truncate values) to each row.'),
  ('toml-to-json', 'zh', 'TOML 到 JSON', '解析TOML并将其转换为JSON。'),
  ('toml-to-json', 'en', 'TOML to JSON', 'Parse and convert TOML to JSON.'),
  ('toml-to-yaml', 'zh', 'TOML 到 YAML', '解析并将 TOML 转换为 YAML。'),
  ('toml-to-yaml', 'en', 'TOML to YAML', 'Parse and convert TOML to YAML.'),
  ('xml-to-json', 'zh', 'XML 转 JSON', '将 XML 转换为 JSON'),
  ('xml-to-json', 'en', 'XML to JSON', 'Convert XML to JSON'),
  ('markdown-to-html', 'zh', 'Markdown 转 HTML', '将 Markdown 转换为 HTML，并支持打印（PDF）。'),
  ('markdown-to-html', 'en', 'Markdown to HTML', 'Convert Markdown to HTML and allow printing (as PDF).'),
  ('url-encoder', 'zh', '编码/解码url格式的字符串', '编码为url编码格式（也称为“百分比编码”）或从中解码。'),
  ('url-encoder', 'en', 'Encode/decode URL-formatted strings', 'Encode text to URL-encoded format (also known as "percent-encoded"), or decode from it.'),
  ('html-entities', 'zh', 'HTML 实体转义/反转义', '转义或反转义 HTML 实体（将 <、>、&、"、'' 等替换为其 HTML 实体形式，或反向还原）。'),
  ('html-entities', 'en', 'Escape HTML entities', 'Escape or unescape HTML entities (replace characters like <,>, &, " and \'' with their HTML version)'),
  ('url-parser', 'zh', 'URL 解析器', '解析 URL 字符串以获取其各个部分（协议、来源、参数、端口、用户名/密码等）。'),
  ('url-parser', 'en', 'URL parser', 'Parse a URL into its separate constituent parts (protocol, origin, params, port, username-password, ...)'),
  ('device-information', 'zh', '设备信息', '获取有关当前设备的信息（屏幕大小、像素比率、用户代理…）'),
  ('device-information', 'en', 'Device information', 'Get information about your current device (screen size, pixel-ratio, user agent, ...)'),
  ('basic-auth-generator', 'zh', '基本身份验证生成器', '从用户名和密码生成 base64 基本身份验证标头。'),
  ('basic-auth-generator', 'en', 'Basic auth generator', 'Generate a base64 basic auth header from a username and password.'),
  ('og-meta-generator', 'zh', '开放式图形元生成器', '为您的网站生成开放式图形和社交html元标记。'),
  ('og-meta-generator', 'en', 'Open graph meta generator', 'Generate open-graph and socials HTML meta tags for your website.'),
  ('otp-generator', 'zh', 'OTP代码生成器', '为多因素身份验证生成和验证基于时间的OTP（一次性密码）。'),
  ('otp-generator', 'en', 'OTP code generator', 'Generate and validate time-based OTP (one time password) for multi-factor authentication.'),
  ('mime-types', 'zh', 'MIME 类型', '将 MIME 类型转换为文件扩展名，或将扩展名转换为 MIME 类型。'),
  ('mime-types', 'en', 'MIME types', 'Convert MIME types to file extensions and vice-versa.'),
  ('jwt-parser', 'zh', 'JWT 解析器', '解析和解码JSON Web Token（jwt）并显示其内容。'),
  ('jwt-parser', 'en', 'JWT parser', 'Parse and decode your JSON Web Token (jwt) and display its content.'),
  ('keycode-info', 'zh', 'Keycode 信息', '查找任何按下的键的javascript键代码、代码、位置和修饰符。'),
  ('keycode-info', 'en', 'Keycode info', 'Find the javascript keycode, code, location and modifiers of any pressed key.'),
  ('slugify-string', 'zh', 'Slugify 字符串', '将字符串转换为 URL/文件名/ID 安全的 slug。'),
  ('slugify-string', 'en', 'Slugify string', 'Make a string url, filename and id safe.'),
  ('html-wysiwyg-editor', 'zh', 'HTML所见即所得编辑器', '在线HTML编辑器具有功能丰富的所见即所得编辑器，立即获得内容的源代码。'),
  ('html-wysiwyg-editor', 'en', 'HTML WYSIWYG editor', 'Online, feature-rich WYSIWYG HTML editor which generates the source code of the content immediately.'),
  ('user-agent-parser', 'zh', '用户代理分析器', '从用户代理字符串中检测和分析浏览器、引擎、操作系统、CPU和设备类型/型号。'),
  ('user-agent-parser', 'en', 'User-agent parser', 'Detect and parse Browser, Engine, OS, CPU, and Device type/model from an user-agent string.'),
  ('http-status-codes', 'zh', 'HTTP 状态码', '所有HTTP状态的列表对其名称和含义解释。'),
  ('http-status-codes', 'en', 'HTTP status codes', 'The list of all HTTP status codes, their name, and their meaning.'),
  ('safelink-decoder', 'zh', 'Outlook SafeLink 解码器', '解码 Outlook SafeLink（安全链接）。'),
  ('safelink-decoder', 'en', 'Outlook SafeLink decoder', 'Decode Outlook SafeLink links.'),
  ('qrcode-generator', 'zh', '二维码生成器', '生成并下载url或文本的QR代码，并自定义背景和前景颜色。'),
  ('qrcode-generator', 'en', 'QR Code generator', 'Generate and download a QR code for a URL (or just plain text), and customize the background and foreground colors.'),
  ('wifi-qrcode-generator', 'zh', 'WiFi 二维码生成器', '生成和下载QR码以快速连接到WiFi网络。'),
  ('wifi-qrcode-generator', 'en', 'WiFi QR Code generator', 'Generate and download QR codes for quick connections to WiFi networks.'),
  ('svg-placeholder-generator', 'zh', 'SVG 占位符生成器', '生成 svg 图像以用作应用程序中的占位符。'),
  ('svg-placeholder-generator', 'en', 'SVG placeholder generator', 'Generate svg images to use as a placeholder in your applications.'),
  ('camera-recorder', 'zh', '摄像机记录器', '从网络摄像头或照相机拍摄照片或录制视频。'),
  ('camera-recorder', 'en', 'Camera recorder', 'Take a picture or record a video from your webcam or camera.'),
  ('git-memo', 'zh', 'Git 备忘录', 'Git是一种去中心化的版本管理软件。使用此备忘单，您可以快速访问最常见的git命令.'),
  ('git-memo', 'en', 'Git cheatsheet', 'Git is a decentralized version management software. With this cheatsheet, you will have quick access to the most common git commands.'),
  ('random-port-generator', 'zh', '随机端口生成', '生成“已知”端口范围（0-1023）之外的随机端口号。'),
  ('random-port-generator', 'en', 'Random port generator', 'Generate random port numbers outside of the range of "known" ports (0-1023).'),
  ('crontab-generator', 'zh', 'Crontab 表达式生成', '验证并生成crontab，并获取cron调度的可读描述。'),
  ('crontab-generator', 'en', 'Crontab generator', 'Validate and generate crontab and get the human-readable description of the cron schedule.'),
  ('sql-prettify', 'zh', 'SQL 美化和格式化', '在线格式化和美化您的 SQL 查询（它支持各种 SQL 方言）。'),
  ('sql-prettify', 'en', 'SQL prettify and format', 'Format and prettify your SQL queries online (it supports various SQL dialects).'),
  ('chmod-calculator', 'zh', 'Chmod 计算器', '使用此在线的chmod计算器计算chmod权限和命令。'),
  ('chmod-calculator', 'en', 'Chmod calculator', 'Compute your chmod permissions and commands with this online chmod calculator.'),
  ('docker-run-to-docker-compose-converter', 'zh', 'Docker Run 到 docker-compose 转换器', '将 docker run 命令行转换为 docker-compose 文件!'),
  ('docker-run-to-docker-compose-converter', 'en', 'Docker run to Docker compose converter', 'Transforms "docker run" commands into docker-compose files!'),
  ('xml-formatter', 'zh', 'XML 格式化', '将XML字符串修饰为友好的可读格式。'),
  ('xml-formatter', 'en', 'XML formatter', 'Prettify your XML string into a friendly, human-readable format.'),
  ('yaml-prettify', 'zh', 'YAML美化和格式化', '将YAML字符串修饰为友好的可读格式。'),
  ('yaml-prettify', 'en', 'YAML prettify and format', 'Prettify your YAML string into a friendly, human-readable format.'),
  ('email-normalizer', 'zh', '邮箱标准化', '将邮箱地址标准化为统一格式，便于比较、去重与数据清洗。'),
  ('email-normalizer', 'en', 'Email normalizer', 'Normalize email addresses to a standard format for easier comparison. Useful for deduplication and data cleaning.'),
  ('regex-tester', 'zh', '正则表达式测试器', '用示例文本测试你的正则表达式。'),
  ('regex-tester', 'en', 'Regex tester', 'Test your regular expressions with sample text.'),
  ('regex-memo', 'zh', '正则备忘录', 'JavaScript 正则表达式速查表。'),
  ('regex-memo', 'en', 'Regex cheatsheet', 'JavaScript Regex/Regular Expression cheatsheet'),
  ('ipv4-subnet-calculator', 'zh', 'IPv4子网计算器', '解析IPv4 CIDR块，并获取有关子网络的所有所需信息。'),
  ('ipv4-subnet-calculator', 'en', 'IPv4 subnet calculator', 'Parse your IPv4 CIDR blocks and get all the info you need about your subnet.'),
  ('ipv4-address-converter', 'zh', 'Ipv4地址转换器', '在ipv6中，将ip地址转换为十进制、二进制、十六进制或事件'),
  ('ipv4-address-converter', 'en', 'IPv4 address converter', 'Convert an IP address into decimal, binary, hexadecimal, or even an IPv6 representation of it.'),
  ('ipv4-range-expander', 'zh', 'IPv4范围扩展器', '给定起始和结束IPv4地址，此工具使用其CIDR表示法计算有效的IPv4网络。'),
  ('ipv4-range-expander', 'en', 'IPv4 range expander', 'Given a start and an end IPv4 address, this tool calculates a valid IPv4 subnet along with its CIDR notation.'),
  ('mac-address-lookup', 'zh', 'MAC地址查找', '通过设备的MAC地址查找设备的供应商和制造商。'),
  ('mac-address-lookup', 'en', 'MAC address lookup', 'Find the vendor and manufacturer of a device by its MAC address.'),
  ('mac-address-generator', 'zh', 'MAC 地址生成器', '输入数量和前缀。MAC地址将以您选择的大小写（大写或小写）生成'),
  ('mac-address-generator', 'en', 'MAC address generator', 'Enter the quantity and prefix. MAC addresses will be generated in your chosen case (uppercase or lowercase)'),
  ('ipv6-ula-generator', 'zh', 'IPv6 ULA生成器', '根据RFC4193在网络上生成您自己的本地不可路由IP地址。'),
  ('ipv6-ula-generator', 'en', 'IPv6 ULA generator', 'Generate your own local, non-routable IP addresses for your network according to RFC4193.'),
  ('math-evaluator', 'zh', '数学计算器', '计算数学表达式的计算器。您可以使用sqrt、cos、sin、abs等函数。'),
  ('math-evaluator', 'en', 'Math evaluator', 'A calculator for evaluating mathematical expressions. You can use functions like sqrt, cos, sin, abs, etc.'),
  ('eta-calculator', 'zh', 'ETA 计算器', 'ETA（估计到达时间）计算器，用于知道任务的近似结束时间，例如下载的结束时刻。'),
  ('eta-calculator', 'en', 'ETA calculator', 'An ETA (Estimated Time of Arrival) calculator to determine the approximate end time of a task, for example, the end time and duration of a file download.'),
  ('percentage-calculator', 'zh', '百分比计算器', '轻松计算从一个值到另一个值的百分比，或从百分比到值的百分比。'),
  ('percentage-calculator', 'en', 'Percentage calculator', 'Easily calculate percentages from a value to another value, or from a percentage to a value.'),
  ('chronometer', 'zh', '计时器', '监控事物的持续时间。基本上是一种具有简单计时器功能的计时器。'),
  ('chronometer', 'en', 'Chronometer', 'Monitor the duration of a thing. Basically a chronometer with simple chronometer features.'),
  ('temperature-converter', 'zh', '温度转换器', '开尔文、摄氏度、华氏度、兰金、德莱尔、牛顿、雷奥穆尔和罗默温度度数转换。'),
  ('temperature-converter', 'en', 'Temperature converter', 'Degrees temperature conversions for Kelvin, Celsius, Fahrenheit, Rankine, Delisle, Newton, Réaumur, and Rømer.'),
  ('benchmark-builder', 'zh', '基准生成器', '简单的在线基准构建器可以轻松比较任务的执行时间。'),
  ('benchmark-builder', 'en', 'Benchmark builder', 'Easily compare execution time of tasks with this very simple online benchmark builder.'),
  ('lorem-ipsum-generator', 'zh', 'Lorem ipsum生成器', 'Lorem ipsum是一种占位符文本，通常用于演示文档或字体的视觉形式，而不依赖于有意义的内容'),
  ('lorem-ipsum-generator', 'en', 'Lorem ipsum generator', 'Lorem ipsum is a placeholder text commonly used to demonstrate the visual form of a document or a typeface without relying on meaningful content'),
  ('text-statistics', 'zh', '文本统计', '获取有关文本、字符数、字数、大小等的信息'),
  ('text-statistics', 'en', 'Text statistics', 'Get information about a text, the number of characters, the number of words, its size in bytes, ...'),
  ('emoji-picker', 'zh', 'Emoji 选择器', '轻松复制和粘贴Emoji表情符号，并获得每个表情符号的unicode和code points值.'),
  ('emoji-picker', 'en', 'Emoji picker', 'Copy and paste emojis easily and get the unicode and code points value of each emoji.'),
  ('string-obfuscator', 'zh', '字符串混淆器', '混淆字符串（如秘密、IBAN 或令牌），使其可共享和可识别，而不泄露其内容。'),
  ('string-obfuscator', 'en', 'String obfuscator', 'Obfuscate a string (like a secret, an IBAN, or a token) to make it shareable and identifiable without revealing its content.'),
  ('text-diff', 'zh', '文本比较', '比较两个文本并查看它们之间的差异。'),
  ('text-diff', 'en', 'Text diff', 'Compare two texts and see the differences between them.'),
  ('numeronym-generator', 'zh', '数字名称生成器', '数字名是一个用数字构成缩写的词。例如，“i18n”是“国际化”的名词，其中18表示单词中第一个i和最后一个n之间的字母数。'),
  ('numeronym-generator', 'en', 'Numeronym generator', 'A numeronym is a word where a number is used to form an abbreviation. For example, "i18n" is a numeronym of "internationalization" where 18 stands for the number of letters between the first i and the last n in the word.'),
  ('ascii-text-drawer', 'zh', 'ASCII 字符画文本生成器', '使用多种字体与样式生成 ASCII 字符画文本。'),
  ('ascii-text-drawer', 'en', 'ASCII art text generator', 'Create ASCII art text with many fonts and styles.'),
  ('phone-parser-and-formatter', 'zh', '电话分析器和格式化程序', '解析、验证和格式化电话号码。获取有关电话号码的信息，如国家/地区代码、类型等。'),
  ('phone-parser-and-formatter', 'en', 'Phone parser and formatter', 'Parse, validate and format phone numbers. Get information about the phone number, like the country code, type, etc.'),
  ('iban-validator-and-parser', 'zh', 'IBAN验证器和解析器', '验证和分析IBAN编号。检查IBAN是否有效，并获取国家BBAN，如果它是QR-IBAN和IBAN友好格式。'),
  ('iban-validator-and-parser', 'en', 'IBAN validator and parser', 'Validate and parse IBAN numbers. Check if an IBAN is valid and get the country, BBAN, if it is a QR-IBAN and the IBAN friendly format.')
ON DUPLICATE KEY UPDATE name=VALUES(name), description=VALUES(description);

COMMIT;
